Urban agglomeration,Country,"Total 2010 population, thousands",pop below 1.5 rise level,pop below 2 rise level,pop below 3 rise level,pop below 4 rise level,percent pop below 1.5C,percent pop below 2C,percent pop below 3C,percent pop below 4,sea level rise (m) 1.5c,sea level rise (m) 2C,sea level rise (m) 3C,sea level rise (m) 4C
Algiers,Algeria,4436.42,88.86,138.37,175.09,237.50,0.02,0.03,0.04,0.05,2.90,4.71,6.21,8.27
Oran,Algeria,1228.87,35.30,41.49,47.06,53.61,0.03,0.03,0.04,0.04,2.87,4.65,6.13,8.17
Luanda,Angola,2100.66,22.15,45.16,63.45,93.22,0.01,0.02,0.03,0.04,2.93,4.78,6.52,9.00
Buenos Aires,Argentina,13207.76,520.10,1101.59,1713.97,2439.66,0.04,0.08,0.13,0.19,2.84,4.63,6.42,8.97
Rosario1,Argentina,1235.12,0.14,0.46,1.41,4.86,0.00,0.00,0.00,0.00,2.80,4.57,6.33,8.82
Adelaide,Australia,1013.62,6.98,18.93,48.56,102.37,0.01,0.02,0.05,0.10,2.62,4.25,5.84,8.07
Brisbane,Australia,1142.81,39.79,91.52,128.74,176.09,0.04,0.08,0.11,0.15,2.84,4.63,6.31,8.67
Melbourne2,Australia,3307.02,4.96,14.08,39.08,112.60,0.00,0.00,0.01,0.03,2.58,4.18,5.76,7.97
Perth2,Australia,1266.21,7.03,13.85,23.18,43.26,0.01,0.01,0.02,0.03,2.68,4.34,5.97,8.25
Sydney1,Australia,3696.12,39.43,89.68,130.37,218.39,0.01,0.02,0.04,0.06,2.73,4.43,6.07,8.38
Barisal,Bangladesh,6908.17,795.49,2604.43,4281.90,6048.15,0.12,0.38,0.62,0.88,2.99,4.88,6.65,9.15
Chittagong,Bangladesh,9107.42,1890.44,3806.94,5544.45,6994.99,0.21,0.42,0.61,0.77,2.97,4.84,6.60,9.09
Comilla,Bangladesh,3748.81,50.81,429.01,1343.57,2814.43,0.01,0.11,0.36,0.75,2.94,4.79,6.53,8.99
Dhaka,Bangladesh,32179.38,318.59,2018.13,5874.53,12296.98,0.01,0.06,0.18,0.38,2.92,4.77,6.50,8.94
Jamalpur,Bangladesh,4868.22,0.00,0.02,0.09,0.51,0.00,0.00,0.00,0.00,2.90,4.74,6.45,8.88
Khulna,Bangladesh,13219.54,809.01,2609.01,4643.76,7622.76,0.06,0.20,0.35,0.58,2.99,4.88,6.65,9.15
Mymensingh,Bangladesh,10083.34,14.17,139.04,544.04,1306.71,0.00,0.01,0.05,0.13,2.91,4.74,6.46,8.89
Narayanganj,Bangladesh,4522.67,96.85,638.18,1896.55,3541.72,0.02,0.14,0.42,0.78,2.93,4.79,6.53,8.98
Rajshahi,Bangladesh,36351.45,1.01,2.52,5.25,16.43,0.00,0.00,0.00,0.00,2.91,4.75,6.48,8.91
Sylhet,Bangladesh,6563.28,1.72,25.55,178.11,701.38,0.00,0.00,0.03,0.11,2.90,4.72,6.44,8.87
Tangail,Bangladesh,7543.61,10.24,24.47,58.15,204.92,0.00,0.00,0.01,0.03,2.92,4.77,6.50,8.95
Brussels,Belgium,3198.81,278.87,444.22,551.97,734.21,0.09,0.14,0.17,0.23,2.79,4.50,5.77,7.45
Cotonou,Benin,1335.74,495.75,856.89,1109.67,1217.01,0.37,0.64,0.83,0.91,2.94,4.79,6.49,8.88
Belem,Brazil,2032.74,397.42,533.53,633.05,794.33,0.20,0.26,0.31,0.39,3.03,4.95,6.71,9.22
Fortaleza,Brazil,3111.86,16.02,34.00,61.21,122.47,0.01,0.01,0.02,0.04,3.04,4.98,6.76,9.30
Manaus,Brazil,1637.42,0.00,0.11,0.68,1.87,0.00,0.00,0.00,0.00,2.88,4.70,6.39,8.77
Natal,Brazil,1071.76,40.48,50.64,58.02,64.75,0.04,0.05,0.05,0.06,3.08,5.04,6.86,9.44
Niteroi,Brazil,1796.84,75.90,125.75,178.46,256.07,0.04,0.07,0.10,0.14,2.98,4.88,6.70,9.30
Porto Alegre,Brazil,3667.08,351.17,621.03,871.82,1135.56,0.10,0.17,0.24,0.31,2.91,4.75,6.57,9.15
Recife,Brazil,3457.86,366.67,774.64,1176.75,1602.19,0.11,0.22,0.34,0.46,3.06,5.01,6.83,9.41
Rio de Janeiro,Brazil,10278.48,796.56,1306.81,1794.74,2429.06,0.08,0.13,0.18,0.24,2.97,4.86,6.68,9.28
Salvador,Brazil,3108.87,261.02,356.68,436.97,551.21,0.08,0.12,0.14,0.18,3.03,4.96,6.77,9.35
Santos,Brazil,1469.53,255.78,599.78,907.05,1152.63,0.17,0.41,0.62,0.78,2.97,4.85,6.68,9.27
Sao Luis,Brazil,1104.47,208.22,271.43,320.26,392.57,0.19,0.25,0.29,0.36,3.07,5.02,6.81,9.36
Vitoria1,Brazil,1066.82,348.65,403.18,437.35,475.59,0.33,0.38,0.41,0.45,3.01,4.93,6.77,9.38
Phnom Penh,Cambodia,1514.84,0.00,0.00,0.39,38.51,0.00,0.00,0.00,0.03,3.02,4.94,6.73,9.27
Douala,Cameroon,1576.77,74.30,153.87,235.18,355.52,0.05,0.10,0.15,0.23,2.88,4.70,6.38,8.74
Montreal,Canada,2832.29,4.96,10.03,21.77,54.20,0.00,0.00,0.01,0.02,2.73,4.40,5.66,7.35
Vancouver2,Canada,1813.52,295.39,339.89,367.52,396.09,0.16,0.19,0.20,0.22,2.88,4.68,6.22,8.35
Anshan,China,2078.91,3.29,14.76,32.79,80.28,0.00,0.01,0.02,0.04,2.97,4.85,6.61,9.12
Beijing,China,17114.58,1.03,12.14,67.25,270.02,0.00,0.00,0.00,0.02,2.99,4.89,6.66,9.19
Dalian,China,2657.70,86.62,201.48,323.12,469.21,0.03,0.08,0.12,0.18,3.09,5.06,6.90,9.51
Fuzhou,China,2124.54,37.78,132.43,310.52,697.24,0.02,0.06,0.15,0.33,3.06,5.01,6.84,9.44
Haikou,China,1184.03,144.86,253.77,358.62,476.47,0.12,0.21,0.30,0.40,3.11,5.09,6.94,9.58
Hefei,China,2610.55,0.06,0.26,2.95,32.50,0.00,0.00,0.00,0.01,2.94,4.80,6.56,9.06
Hong Kong,China,21993.41,4949.04,6840.80,8350.54,10054.15,0.23,0.31,0.38,0.46,3.04,4.97,6.79,9.36
Huaiyin,China,7857.78,2398.01,3321.33,3935.43,4744.52,0.31,0.42,0.50,0.60,3.01,4.92,6.72,9.28
Huizhou,China,2831.62,229.87,428.21,646.43,901.93,0.08,0.15,0.23,0.32,3.01,4.93,6.72,9.28
Jiangmen,China,5894.44,2394.13,3241.22,3915.82,4504.34,0.41,0.55,0.66,0.76,3.03,4.96,6.77,9.34
Jiaojing,China,2588.23,516.14,1463.08,1959.21,2225.05,0.20,0.57,0.76,0.86,3.11,5.09,6.95,9.60
Lianyungang,China,3013.93,2281.29,2775.58,2914.64,2981.11,0.76,0.92,0.97,0.99,3.03,4.96,6.77,9.35
Linyi,China,8264.09,555.40,956.83,1216.22,1363.37,0.07,0.12,0.15,0.17,2.98,4.87,6.64,9.17
Macau,China,1540.53,289.02,418.31,553.15,749.59,0.19,0.27,0.36,0.49,3.06,5.01,6.84,9.44
Maoming,China,3789.41,140.47,222.44,311.49,447.29,0.04,0.06,0.08,0.12,3.04,4.97,6.77,9.35
Nanjing,China,3841.18,6.65,33.35,104.15,275.97,0.00,0.01,0.03,0.07,2.97,4.85,6.62,9.14
Nantong,China,6527.10,1735.99,4710.52,6076.49,6463.40,0.27,0.72,0.93,0.99,3.08,5.03,6.87,9.49
Ningbo,China,2663.55,510.65,1375.99,1889.14,2303.16,0.19,0.52,0.71,0.87,3.09,5.05,6.90,9.53
Pingdu,China,1265.34,14.71,32.53,53.93,84.54,0.01,0.03,0.04,0.07,3.05,4.99,6.81,9.40
Putian,China,2581.56,430.16,708.52,921.42,1108.68,0.17,0.27,0.36,0.43,3.06,5.00,6.82,9.42
Qingdao,China,3980.05,129.57,308.12,524.84,857.61,0.03,0.08,0.13,0.22,3.06,5.01,6.84,9.44
Quanzhou,China,5870.49,179.38,486.19,893.83,1501.73,0.03,0.08,0.15,0.26,3.05,4.99,6.81,9.40
Rizhao,China,1077.59,132.88,211.08,270.33,343.51,0.12,0.20,0.25,0.32,3.04,4.96,6.77,9.35
Shanghai,China,29514.11,4237.75,11581.66,17508.91,22421.20,0.14,0.39,0.59,0.76,3.06,5.01,6.84,9.45
Shantou,China,13564.74,1131.04,3044.08,5158.89,7381.81,0.08,0.22,0.38,0.54,3.04,4.98,6.79,9.38
Shaoxing,China,2447.92,18.89,178.45,670.34,1599.39,0.01,0.07,0.27,0.65,3.03,4.95,6.77,9.34
Shenzhen,China,10964.20,596.09,997.24,1474.66,2168.65,0.05,0.09,0.13,0.20,3.04,4.97,6.78,9.36
Shijianzhuang,China,14030.30,0.02,0.44,1.72,15.82,0.00,0.00,0.00,0.00,2.94,4.80,6.55,9.02
Shuyang,China,3218.46,409.06,840.99,1184.90,1512.20,0.13,0.26,0.37,0.47,2.99,4.89,6.67,9.21
Suzhou,China,3628.32,831.48,1791.20,2518.33,3151.07,0.23,0.49,0.69,0.87,3.04,4.97,6.79,9.38
Taizhou,China,9085.03,3649.02,6053.86,7876.22,8870.49,0.40,0.67,0.87,0.98,3.03,4.96,6.77,9.34
Tianjin,China,42743.43,1609.71,4984.53,8461.61,12397.46,0.04,0.12,0.20,0.29,3.04,4.97,6.78,9.35
Weifang,China,4197.86,13.31,60.50,149.82,329.41,0.00,0.01,0.04,0.08,3.02,4.94,6.75,9.31
Wenzhou,China,4345.42,740.00,1653.37,2394.83,3250.35,0.17,0.38,0.55,0.75,3.07,5.03,6.86,9.48
Wuhu,China,1551.43,1.31,6.25,31.86,201.45,0.00,0.00,0.02,0.13,2.96,4.83,6.60,9.11
Wuxi,China,7454.13,697.20,2104.65,4294.37,6311.96,0.09,0.28,0.58,0.85,3.02,4.94,6.74,9.31
Xiamen,China,1246.92,26.90,60.93,119.00,246.18,0.02,0.05,0.10,0.20,3.04,4.98,6.79,9.38
Yangzhou,China,1493.02,5.48,55.33,179.54,383.88,0.00,0.04,0.12,0.26,2.99,4.88,6.67,9.20
Yantai,China,1373.36,47.97,142.71,257.34,361.89,0.04,0.10,0.19,0.26,3.09,5.06,6.90,9.52
Yingkow,China,1540.85,561.12,950.40,1092.72,1182.32,0.36,0.62,0.71,0.77,2.99,4.88,6.66,9.18
Zhangzhou,China,1344.87,148.31,277.69,382.90,518.08,0.11,0.21,0.29,0.39,3.02,4.94,6.75,9.32
Zhanjiang,China,1262.37,52.61,106.27,187.30,319.99,0.04,0.08,0.15,0.25,3.05,4.99,6.80,9.38
Zhenjiang,China,1425.96,21.33,66.67,203.45,456.49,0.02,0.05,0.14,0.32,2.99,4.89,6.68,9.22
Zibo,China,5359.12,0.06,1.85,20.92,110.61,0.00,0.00,0.00,0.02,3.01,4.91,6.70,9.25
Barranquilla,Colombia,1170.84,79.49,108.40,127.83,149.70,0.07,0.09,0.11,0.13,3.05,4.98,6.71,9.16
Abidjan,Cote d'Ivoire,4046.79,398.10,777.34,1111.50,1363.13,0.10,0.19,0.28,0.34,2.94,4.80,6.50,8.91
Havana,Cuba,2184.59,93.42,160.69,232.69,306.51,0.04,0.07,0.11,0.14,3.04,4.96,6.64,9.00
Copenhagen,Denmark,1397.85,176.42,254.56,324.66,390.98,0.13,0.18,0.23,0.28,2.84,4.58,5.83,7.50
Santo Domingo,Dominican Republic,3101.10,55.80,86.52,113.34,157.68,0.02,0.03,0.04,0.05,3.04,4.97,6.65,9.03
Guayaquil,Ecuador,2411.26,954.26,1433.34,1683.36,1857.98,0.40,0.59,0.70,0.77,3.02,4.93,6.70,9.21
Alexandria3,Egypt,4900.98,2376.98,2755.35,3045.26,3421.12,0.49,0.56,0.62,0.70,2.92,4.76,6.38,8.65
Cairo,Egypt,15518.78,2.88,30.81,102.62,341.12,0.00,0.00,0.01,0.02,2.86,4.66,6.26,8.49
Dumyat,Egypt,1266.08,570.43,868.32,1018.73,1138.84,0.45,0.69,0.81,0.90,2.93,4.78,6.40,8.68
El Giza,Egypt,5780.38,0.00,0.02,0.07,0.46,0.00,0.00,0.00,0.00,2.84,4.63,6.21,8.43
El Mansura,Egypt,1267.71,44.90,298.48,585.28,821.86,0.04,0.24,0.46,0.65,2.91,4.74,6.36,8.63
Tanta,Egypt,9466.34,31.82,168.61,729.80,2487.49,0.00,0.02,0.08,0.26,2.88,4.69,6.30,8.54
Lille,France,1300.61,0.07,0.46,1.01,2.72,0.00,0.00,0.00,0.00,2.79,4.51,5.77,7.45
Marseille,France,1071.39,18.30,30.47,38.21,53.97,0.02,0.03,0.04,0.05,2.85,4.62,6.03,7.95
Hamburg,Germany,2074.52,170.10,246.83,280.61,313.33,0.08,0.12,0.14,0.15,2.79,4.52,5.77,7.44
Accra,Ghana,2619.28,18.13,40.48,76.41,210.84,0.01,0.02,0.03,0.08,2.95,4.82,6.53,8.94
Conakry,Guinea,1576.32,154.59,222.50,307.97,446.17,0.10,0.14,0.20,0.28,2.98,4.86,6.56,8.95
Port-au-Prince,Haiti,2383.28,182.43,253.27,299.89,362.70,0.08,0.11,0.13,0.15,3.04,4.96,6.65,9.03
Ahmadabad,India,7957.12,0.19,1.10,4.23,27.36,0.00,0.00,0.00,0.00,2.91,4.74,6.45,8.86
Brahmapur,India,1877.36,2.37,17.74,43.60,90.99,0.00,0.01,0.02,0.05,3.01,4.92,6.69,9.21
Calcutta,India,23760.38,2607.31,5586.35,8174.20,11990.04,0.11,0.24,0.34,0.51,3.01,4.92,6.70,9.22
Chennai,India,9206.43,454.67,1048.19,1845.40,3034.25,0.05,0.11,0.20,0.33,2.99,4.88,6.65,9.15
Cochin,India,5932.45,406.10,749.49,1167.61,2051.43,0.07,0.13,0.20,0.35,3.04,4.97,6.76,9.30
Cuttack,India,10491.55,332.20,751.79,1247.37,1925.16,0.03,0.07,0.12,0.18,3.01,4.91,6.69,9.21
Haldia,India,3135.42,1097.97,1969.58,2554.40,3018.01,0.35,0.63,0.82,0.96,3.03,4.95,6.74,9.28
Haora,India,11789.44,738.80,1880.59,3627.20,7032.89,0.06,0.16,0.31,0.60,3.01,4.92,6.70,9.23
Kakinada,India,2198.74,107.52,397.08,782.71,1178.04,0.05,0.18,0.36,0.54,3.00,4.90,6.67,9.18
Kanchipuram,India,1738.05,3.62,10.74,17.32,23.36,0.00,0.01,0.01,0.01,2.98,4.87,6.63,9.12
Kozhikode,India,9426.64,168.61,263.18,386.69,667.74,0.02,0.03,0.04,0.07,3.02,4.94,6.71,9.23
Krishnanagar,India,5207.01,0.87,6.70,34.68,121.51,0.00,0.00,0.01,0.02,2.97,4.85,6.61,9.09
Machilipatnam,India,1132.79,31.26,270.71,638.56,910.27,0.03,0.24,0.56,0.80,3.00,4.89,6.66,9.16
Madurai,India,7040.64,70.52,213.12,382.07,639.11,0.01,0.03,0.05,0.09,3.00,4.91,6.68,9.19
Mangalore,India,1058.51,12.93,39.43,88.07,150.47,0.01,0.04,0.08,0.14,3.02,4.93,6.71,9.23
Medinipur,India,6915.37,17.36,58.03,136.84,344.34,0.00,0.01,0.02,0.05,2.98,4.87,6.63,9.13
Mumbai,India,21719.11,3559.99,5829.63,8060.42,10840.48,0.16,0.27,0.37,0.50,2.99,4.88,6.64,9.13
Pondicherry,India,4855.11,112.49,270.95,459.48,899.57,0.02,0.06,0.10,0.19,2.99,4.89,6.66,9.16
Puri,India,1484.28,9.52,76.90,216.68,421.59,0.01,0.05,0.15,0.28,3.03,4.95,6.73,9.27
Rajahmundry,India,4166.02,0.71,8.92,61.06,247.71,0.00,0.00,0.02,0.06,2.98,4.87,6.63,9.12
Surat,India,5699.33,140.97,394.38,765.90,1277.68,0.03,0.07,0.13,0.22,2.95,4.81,6.54,8.98
Tiruchchirappalli,India,7869.47,98.92,251.64,417.82,675.88,0.01,0.03,0.05,0.09,3.00,4.90,6.66,9.17
Trivandrum,India,12621.69,557.50,792.77,1070.93,1661.20,0.04,0.06,0.09,0.13,3.07,5.02,6.83,9.40
Vadodara,India,4650.96,0.85,3.82,8.36,15.09,0.00,0.00,0.00,0.00,2.91,4.75,6.46,8.87
Vijayawada,India,5209.66,5.37,58.60,205.10,370.87,0.00,0.01,0.04,0.07,2.96,4.84,6.58,9.05
Visakhapatnam,India,2985.72,38.61,107.75,231.69,409.65,0.01,0.04,0.08,0.14,3.01,4.92,6.70,9.22
Cilacap,Indonesia,6025.30,233.10,482.90,746.59,1095.78,0.04,0.08,0.12,0.18,3.05,4.99,6.79,9.34
Jakarta,Indonesia,42644.74,2663.65,4961.30,7218.48,9528.24,0.06,0.12,0.17,0.22,3.07,5.01,6.82,9.38
Kotabumi,Indonesia,2395.33,28.60,61.25,86.62,126.31,0.01,0.03,0.04,0.05,3.04,4.97,6.77,9.31
Medan,Indonesia,5122.77,138.71,337.33,543.17,760.20,0.03,0.07,0.11,0.15,3.05,4.99,6.79,9.36
Padang,Indonesia,1185.67,115.22,271.40,509.48,700.55,0.10,0.23,0.43,0.59,3.03,4.95,6.74,9.28
Palembang,Indonesia,1876.90,37.55,193.33,665.16,1357.62,0.02,0.10,0.35,0.72,3.07,5.02,6.83,9.40
Pontianak,Indonesia,1019.56,468.27,893.53,999.44,1016.61,0.46,0.88,0.98,1.00,3.09,5.06,6.88,9.47
Praya,Indonesia,2903.00,22.76,48.28,90.51,186.79,0.01,0.02,0.03,0.06,3.09,5.05,6.86,9.44
Semarang,Indonesia,9360.43,385.65,969.35,1715.26,2604.56,0.04,0.10,0.18,0.28,3.06,5.00,6.80,9.36
Serang,Indonesia,3902.91,366.76,604.58,786.60,1066.21,0.09,0.16,0.20,0.27,3.07,5.03,6.84,9.41
Sukabumi,Indonesia,2312.38,25.86,56.58,86.36,126.77,0.01,0.02,0.04,0.06,3.05,4.99,6.79,9.34
Sumenep,Indonesia,1878.06,20.43,52.41,82.40,122.42,0.01,0.03,0.04,0.07,3.10,5.07,6.90,9.49
Surabaya,Indonesia,24681.93,1094.16,2700.16,4165.44,5499.47,0.04,0.11,0.17,0.22,3.07,5.02,6.83,9.40
Surakarta,Indonesia,11127.28,0.00,0.01,0.05,0.27,0.00,0.00,0.00,0.00,3.04,4.97,6.75,9.29
Tegal,Indonesia,8119.81,557.88,1196.55,1932.96,2703.06,0.07,0.15,0.24,0.33,3.06,5.00,6.80,9.36
Tuban,Indonesia,3723.12,91.47,273.22,416.30,568.31,0.03,0.07,0.11,0.15,3.07,5.02,6.83,9.40
Ujungpandang,Indonesia,2798.66,132.86,356.69,812.04,1364.17,0.05,0.13,0.29,0.49,3.11,5.08,6.91,9.51
Yogyakarta,Indonesia,4824.41,3.93,10.47,17.22,28.60,0.00,0.00,0.00,0.01,3.04,4.97,6.76,9.31
Ahwaz,Iran,1212.96,0.00,0.00,0.00,0.10,0.00,0.00,0.00,0.00,2.83,4.60,6.21,8.47
Basra,Iraq,1166.78,551.68,935.51,1103.92,1144.67,0.47,0.80,0.95,0.98,2.84,4.62,6.23,8.50
Dublin2,Ireland,1189.11,49.20,78.19,91.43,108.10,0.04,0.07,0.08,0.09,2.82,4.55,5.70,7.20
Tel Aviv-Yafo,Israel,2503.70,3.77,10.20,17.81,27.01,0.00,0.00,0.01,0.01,2.88,4.68,6.29,8.53
Naples2,Italy,3226.40,51.87,101.35,145.25,193.72,0.02,0.03,0.05,0.06,2.90,4.72,6.21,8.28
Fukuoka,Japan,2640.50,278.83,510.18,733.49,966.24,0.11,0.19,0.28,0.37,3.15,5.16,7.04,9.73
Hamamatsu,Japan,1084.48,132.34,229.27,295.12,379.08,0.12,0.21,0.27,0.35,3.15,5.16,7.05,9.74
Hiroshima,Japan,1280.42,343.48,490.03,607.42,740.53,0.27,0.38,0.47,0.58,3.15,5.17,7.06,9.75
Kitakyushu,Japan,1512.87,215.22,344.42,446.46,578.11,0.14,0.23,0.30,0.38,3.15,5.16,7.05,9.74
Nagoya,Japan,7948.91,1571.85,2140.58,2654.48,3387.32,0.20,0.27,0.33,0.43,3.12,5.12,6.99,9.65
Osaka,Japan,16257.95,2634.53,4183.29,5228.79,6172.44,0.16,0.26,0.32,0.38,3.14,5.14,7.02,9.70
Sapporo,Japan,2041.31,9.47,42.85,132.65,313.26,0.01,0.02,0.07,0.15,3.14,5.14,7.01,9.67
Sendai,Japan,1271.25,66.75,146.67,233.49,340.98,0.05,0.12,0.18,0.27,3.16,5.18,7.07,9.77
Tokyo,Japan,25298.07,2122.82,4153.44,5748.40,7454.64,0.08,0.16,0.23,0.30,3.16,5.18,7.07,9.77
Yokohama,Japan,7169.96,180.12,392.77,633.60,944.91,0.03,0.06,0.09,0.13,3.16,5.19,7.08,9.78
Mombasa,Kenya,1027.96,23.75,34.20,44.83,63.36,0.02,0.03,0.04,0.06,2.94,4.79,6.53,8.99
Kuwait,Kuwait,2417.98,23.77,56.97,112.94,239.53,0.01,0.02,0.05,0.10,2.87,4.67,6.31,8.61
Beirut,Lebanon,1823.07,32.09,51.23,67.70,90.08,0.02,0.03,0.04,0.05,2.87,4.67,6.27,8.49
Monrovia,Liberia,1035.76,269.58,440.38,565.67,777.60,0.26,0.43,0.55,0.75,3.00,4.89,6.62,9.05
Tripoli1,Libya,1348.84,51.09,93.74,155.32,265.22,0.04,0.07,0.12,0.20,2.89,4.70,6.26,8.42
Johor Bahru,Malaysia,1041.96,3.59,11.91,34.65,87.46,0.00,0.01,0.03,0.08,3.10,5.08,6.91,9.52
Kuala Lumpur,Malaysia,4064.94,32.37,104.24,192.33,268.69,0.01,0.03,0.05,0.07,3.04,4.97,6.77,9.31
Putrajaya,Malaysia,1933.35,65.47,194.19,346.97,480.75,0.03,0.10,0.18,0.25,3.04,4.97,6.76,9.31
Tijuana,Mexico,1784.62,26.61,43.16,58.75,88.48,0.02,0.02,0.03,0.05,2.98,4.87,6.55,8.92
Casablanca,Morocco,3619.05,209.73,333.21,397.42,488.58,0.06,0.09,0.11,0.14,2.90,4.72,6.21,8.28
Rabat,Morocco,1914.14,53.10,81.65,103.02,128.18,0.03,0.04,0.05,0.07,2.89,4.70,6.19,8.24
Maputo,Mozambique,1245.21,11.04,26.77,38.20,53.47,0.01,0.02,0.03,0.04,2.82,4.60,6.34,8.81
Rangoon,Myanmar,3891.17,50.72,205.88,568.32,1378.57,0.01,0.05,0.15,0.35,3.02,4.94,6.73,9.27
Amsterdam,Netherlands,1194.33,945.69,1094.02,1135.33,1172.55,0.79,0.92,0.95,0.98,2.85,4.61,5.87,7.55
The Hague,Netherlands,2527.31,2198.19,2382.13,2427.50,2481.21,0.87,0.94,0.96,0.98,2.84,4.60,5.86,7.54
Enugu,Nigeria,3129.89,0.00,0.00,0.00,0.01,0.00,0.00,0.00,0.00,2.85,4.63,6.28,8.60
Lagos,Nigeria,9724.31,1406.67,2254.59,2974.44,3716.92,0.15,0.23,0.31,0.38,2.92,4.76,6.45,8.83
Port Harcourt,Nigeria,2418.11,105.48,238.28,346.42,439.21,0.04,0.10,0.14,0.18,2.91,4.75,6.45,8.84
Pyongyang,North Korea,2592.84,3.28,14.11,28.64,54.48,0.00,0.01,0.01,0.02,3.05,4.99,6.80,9.39
Karachi,Pakistan,12742.13,157.81,356.99,636.07,1409.89,0.01,0.03,0.05,0.11,2.96,4.82,6.55,8.98
Panama City1,Panama,1048.62,33.16,72.75,116.14,181.16,0.03,0.07,0.11,0.17,3.09,5.06,6.83,9.34
Lima2,Peru,8851.35,81.05,144.13,194.32,237.00,0.01,0.02,0.02,0.03,3.04,4.97,6.78,9.35
Bacolod,Philippines,1058.95,29.60,117.95,243.41,439.40,0.03,0.11,0.23,0.42,3.16,5.18,7.06,9.74
Cebu,Philippines,2828.16,134.48,345.14,603.97,968.40,0.05,0.12,0.21,0.34,3.16,5.18,7.05,9.72
Davao,Philippines,1633.71,93.42,279.54,453.67,657.50,0.06,0.17,0.28,0.40,3.13,5.12,6.97,9.60
Iloilo,Philippines,1893.46,293.55,637.54,867.68,1078.37,0.16,0.34,0.46,0.57,3.17,5.19,7.07,9.75
Manila,Philippines,7405.06,768.98,1923.28,2854.86,3549.59,0.10,0.26,0.39,0.48,3.15,5.16,7.03,9.71
Pasay City,Philippines,9044.40,167.55,633.47,1210.84,1814.48,0.02,0.07,0.13,0.20,3.17,5.19,7.07,9.75
Quezon City,Philippines,13114.45,559.97,1219.60,1795.11,2389.69,0.04,0.09,0.14,0.18,3.15,5.15,7.03,9.70
Lisbon,Portugal,1890.57,36.78,55.29,67.21,83.35,0.02,0.03,0.04,0.04,2.92,4.74,6.18,8.15
Porto,Portugal,2504.84,22.64,35.95,49.66,65.01,0.01,0.01,0.02,0.03,2.87,4.66,6.05,7.93
San Juan1,Puerto Rico,1834.47,224.91,290.46,334.53,386.21,0.12,0.16,0.18,0.21,3.11,5.09,6.81,9.23
Rostov1,Russia,1045.78,1.60,2.68,4.93,7.48,0.00,0.00,0.01,0.01,2.79,4.53,6.02,8.06
St. Petersburg2,Russia,4113.31,9.50,22.07,62.37,157.80,0.00,0.01,0.02,0.04,2.76,4.46,5.73,7.43
Jeddah,Saudi Arabia,3762.33,36.60,147.90,387.75,748.00,0.01,0.04,0.10,0.20,2.91,4.74,6.41,8.75
Dakar,Senegal,2754.71,349.59,734.70,1108.38,1672.68,0.13,0.27,0.40,0.61,3.05,4.98,6.68,9.08
Singapore,Singapore,4680.18,34.76,100.57,273.45,744.79,0.01,0.02,0.06,0.16,3.11,5.09,6.93,9.54
Mogadishu,Somalia,1104.78,12.15,23.24,38.15,52.80,0.01,0.02,0.04,0.05,2.97,4.84,6.59,9.06
Cape Town,South Africa,2846.01,54.10,96.10,152.39,263.00,0.02,0.03,0.05,0.09,2.80,4.57,6.35,8.89
Durban,South Africa,3201.61,69.13,178.92,334.64,537.33,0.02,0.06,0.11,0.17,2.79,4.55,6.29,8.76
Busan,South Korea,3900.53,168.11,384.46,614.03,958.94,0.04,0.10,0.16,0.25,3.15,5.16,7.04,9.73
Daegu,South Korea,2692.46,0.00,0.00,0.00,0.01,0.00,0.00,0.00,0.00,3.11,5.10,6.96,9.62
Gwangju,South Korea,1457.79,0.01,0.08,0.30,2.04,0.00,0.00,0.00,0.00,3.13,5.12,6.99,9.65
Masan,South Korea,1024.65,24.81,65.12,116.16,187.43,0.02,0.06,0.11,0.18,3.14,5.14,7.01,9.69
Seoul,South Korea,17320.20,93.94,233.18,505.73,1007.59,0.01,0.01,0.03,0.06,3.09,5.05,6.89,9.52
Suwon,South Korea,4627.24,21.83,61.25,103.65,160.58,0.01,0.01,0.02,0.04,3.09,5.06,6.90,9.53
Ulsan,South Korea,1014.47,14.63,45.94,116.37,252.36,0.01,0.05,0.12,0.25,3.15,5.16,7.05,9.73
Barcelona1,Spain,3991.74,37.84,73.66,131.23,228.13,0.01,0.02,0.03,0.06,2.87,4.66,6.09,8.04
Seville,Spain,1064.33,17.77,41.18,61.80,116.28,0.02,0.04,0.06,0.11,2.84,4.61,6.04,8.00
Valencia2,Spain,1370.91,60.96,95.11,136.13,183.60,0.04,0.07,0.10,0.13,2.86,4.64,6.07,8.03
Colombo,Sri Lanka,2794.94,62.43,199.93,403.46,750.80,0.02,0.07,0.14,0.27,3.08,5.03,6.85,9.42
Kotte,Sri Lanka,2379.85,24.75,57.96,95.76,155.76,0.01,0.02,0.04,0.07,3.08,5.05,6.86,9.45
Matara,Sri Lanka,1319.36,40.80,98.08,151.90,294.58,0.03,0.07,0.12,0.22,3.12,5.10,6.94,9.55
Moratuwa,Sri Lanka,1395.94,32.20,92.12,173.56,321.68,0.02,0.07,0.12,0.23,3.09,5.06,6.89,9.48
Stockholm,Sweden,1440.00,1.92,4.91,7.35,12.04,0.00,0.00,0.01,0.01,2.82,4.56,5.78,7.40
Chiai,Taiwan,1145.20,5.79,20.12,43.23,84.65,0.01,0.02,0.04,0.07,3.12,5.11,6.98,9.63
Kaohsiung,Taiwan,2427.11,141.63,284.55,442.99,771.98,0.06,0.12,0.18,0.32,3.14,5.15,7.03,9.71
Taichung,Taiwan,3149.18,81.20,160.28,238.64,364.58,0.03,0.05,0.08,0.12,3.13,5.12,6.99,9.65
Tainan,Taiwan,1401.66,137.44,259.44,398.01,556.42,0.10,0.19,0.28,0.40,3.13,5.13,7.00,9.67
Taipei,Taiwan,9595.83,338.80,656.99,1035.77,1617.81,0.04,0.07,0.11,0.17,3.14,5.15,7.03,9.71
Yuanlin,Taiwan,1351.98,4.20,10.75,19.09,38.09,0.00,0.01,0.01,0.03,3.12,5.12,6.98,9.64
Dar es Salaam,Tanzania,2909.88,91.17,207.49,331.88,486.85,0.03,0.07,0.11,0.17,2.96,4.83,6.58,9.07
Bangkok,Thailand,5605.04,850.58,2330.63,3622.34,4903.71,0.15,0.42,0.65,0.88,3.02,4.93,6.72,9.25
Nonthaburi,Thailand,1712.83,256.91,799.11,1292.94,1640.87,0.15,0.47,0.76,0.96,3.01,4.93,6.72,9.25
Samut Prakan,Thailand,1755.48,795.39,1389.10,1627.37,1732.24,0.45,0.79,0.93,0.99,3.01,4.93,6.71,9.25
Lome,Togo,1263.55,216.34,463.61,723.74,821.46,0.17,0.37,0.57,0.65,2.95,4.81,6.51,8.91
Tunis,Tunisia,1941.57,219.26,361.09,474.72,581.66,0.11,0.19,0.25,0.30,2.93,4.76,6.29,8.40
Bursa,Turkey,1532.83,1.58,2.78,3.78,6.19,0.00,0.00,0.00,0.00,2.85,4.62,6.15,8.26
Istanbul,Turkey,11553.36,252.63,382.74,512.87,652.78,0.02,0.03,0.04,0.06,2.86,4.64,6.17,8.28
Izmir,Turkey,2670.71,160.81,285.88,399.28,542.75,0.06,0.11,0.15,0.20,2.88,4.68,6.23,8.38
Tarsus,Turkey,1103.49,9.12,23.89,43.00,71.07,0.01,0.02,0.04,0.06,2.83,4.59,6.14,8.30
Dubayy,United Arab Emirates,1302.01,474.09,741.19,907.05,1029.32,0.36,0.57,0.70,0.79,2.95,4.81,6.51,8.91
Sharjah,United Arab Emirates,1308.25,374.32,564.39,718.18,832.47,0.29,0.43,0.55,0.64,2.95,4.81,6.51,8.91
Glasgow2,United Kingdom,1315.66,16.52,32.77,58.51,115.39,0.01,0.03,0.04,0.09,2.79,4.50,5.59,6.99
Liverpool2,United Kingdom,1380.45,7.44,19.37,36.90,67.67,0.01,0.01,0.03,0.05,2.80,4.52,5.69,7.22
London2,United Kingdom,9598.58,447.05,732.97,954.97,1239.27,0.05,0.08,0.10,0.13,2.80,4.53,5.76,7.39
Manchester2,United Kingdom,2816.63,0.20,0.72,2.72,9.06,0.00,0.00,0.00,0.00,2.80,4.51,5.68,7.21
Newcastle,United Kingdom,1021.40,19.78,40.20,62.18,100.25,0.02,0.04,0.06,0.10,3.09,5.05,6.87,9.45
Sheffield,United Kingdom,1287.84,2.22,7.31,18.05,31.86,0.00,0.01,0.01,0.03,2.80,4.52,5.69,7.24
Boston,United States,2932.68,181.65,309.76,457.20,578.70,0.06,0.11,0.16,0.20,2.85,4.62,5.97,7.81
Houston,United States,3903.81,8.30,22.33,37.23,65.32,0.00,0.01,0.01,0.02,2.89,4.70,6.29,8.51
Los Angeles1,United States,9491.15,137.14,243.38,344.35,551.53,0.01,0.03,0.04,0.06,2.96,4.82,6.48,8.82
Miami,United States,3944.27,557.20,1702.71,2686.03,3671.38,0.14,0.43,0.68,0.93,3.03,4.94,6.59,8.90
New York,United States,12957.81,1149.07,1692.74,2301.76,2985.85,0.09,0.13,0.18,0.23,2.85,4.63,6.02,7.92
Newark,United States,3825.17,309.52,439.85,589.40,740.09,0.08,0.12,0.15,0.19,2.85,4.61,6.01,7.91
Paterson,United States,1768.65,34.55,52.93,73.02,91.65,0.02,0.03,0.04,0.05,2.83,4.58,5.96,7.84
Philadelphia,United States,3971.83,98.98,171.26,271.67,383.08,0.03,0.04,0.07,0.10,2.83,4.59,5.98,7.89
Portland2,United States,1312.72,4.24,8.84,15.08,28.90,0.00,0.01,0.01,0.02,2.89,4.70,6.28,8.47
Sacramento,United States,1647.94,141.31,250.12,364.51,527.54,0.09,0.15,0.22,0.32,2.91,4.74,6.37,8.65
San Diego,United States,2451.88,78.31,105.12,124.36,146.51,0.03,0.04,0.05,0.06,2.97,4.85,6.52,8.88
San Francisco1,United States,2312.96,292.83,394.70,486.25,595.59,0.13,0.17,0.21,0.26,3.00,4.89,6.57,8.93
San Jose3,United States,1955.45,191.62,261.20,326.32,382.42,0.10,0.13,0.17,0.20,2.98,4.86,6.53,8.88
Seattle,United States,2189.16,76.00,121.63,151.16,190.35,0.04,0.06,0.07,0.09,2.89,4.70,6.26,8.42
Tampa,United States,2160.18,233.19,436.24,624.69,867.14,0.11,0.20,0.29,0.40,2.96,4.83,6.44,8.68
Washington  D.C.,United States,6063.63,96.26,143.79,212.02,285.90,0.02,0.02,0.04,0.05,2.81,4.56,5.97,7.90
Montevideo,Uruguay,1675.28,72.93,116.99,166.34,203.28,0.04,0.07,0.10,0.12,2.87,4.68,6.50,9.08
Maracaibo,Venezuela,1838.81,80.94,111.13,138.51,194.75,0.04,0.06,0.08,0.11,2.98,4.86,6.56,8.95
Can Tho,Viet Nam,1092.57,750.51,976.02,1061.09,1088.35,0.69,0.89,0.97,1.00,3.11,5.08,6.92,9.54
Da Nang,Viet Nam,1115.13,58.77,148.48,320.37,714.39,0.05,0.13,0.29,0.64,3.06,5.01,6.83,9.41
Hanoi,Viet Nam,12703.15,1281.21,3553.37,5637.90,7597.71,0.10,0.28,0.44,0.60,2.98,4.87,6.64,9.15
Ho Chi Minh City,Viet Nam,9915.82,2853.16,4446.32,5628.86,6891.18,0.29,0.45,0.57,0.70,3.06,5.00,6.82,9.40
Nam Dinh,Viet Nam,4123.64,1286.55,2992.33,3785.95,4078.84,0.31,0.73,0.92,0.99,3.00,4.91,6.69,9.23
Ninh Binh,Viet Nam,1795.13,638.71,1267.33,1528.64,1644.29,0.36,0.71,0.85,0.92,3.00,4.91,6.69,9.23
Rach Gia,Viet Nam,1239.16,587.05,883.93,1076.38,1189.79,0.47,0.71,0.87,0.96,3.09,5.05,6.88,9.48
Thai Nguyen,Viet Nam,1136.46,0.22,2.67,12.70,58.67,0.00,0.00,0.01,0.05,2.97,4.85,6.61,9.12
Thanh Hoa,Viet Nam,2340.69,262.60,755.18,1248.63,1721.14,0.11,0.32,0.53,0.74,3.00,4.90,6.68,9.21